                  epoch,         train/box_loss,         train/cls_loss,         train/dfl_loss,   metrics/precision(B),      metrics/recall(B),       metrics/mAP50(B),    metrics/mAP50-95(B),           val/box_loss,           val/cls_loss,           val/dfl_loss,                 lr/pg0,                 lr/pg1,                 lr/pg2
                      1,                 1.3914,                 3.1789,                 1.5445,                0.00623,                0.81667,                0.23002,                 0.0698,                 1.1091,                 4.0361,                 1.6563,              1.429e-05,              1.429e-05,              1.429e-05
                      2,                 1.2462,                 3.0914,                 1.4292,                0.00648,                0.81667,                 0.1995,                0.07993,                 1.0182,                 3.8799,                 1.6129,             3.4382e-05,             3.4382e-05,             3.4382e-05
                      3,                 1.1522,                 3.0083,                 1.4176,                0.00645,                0.71667,                0.22519,                0.07466,                0.95374,                 3.8409,                 1.5712,             4.3156e-05,             4.3156e-05,             4.3156e-05
                      4,                 1.0294,                 2.9375,                 1.3604,                0.00716,                0.71667,                0.22348,                0.07954,                0.96292,                 3.8068,                 1.5942,             4.0612e-05,             4.0612e-05,             4.0612e-05
                      5,                0.96092,                 2.8776,                 1.3341,                0.00826,                0.71667,                0.22943,                  0.088,                0.92184,                 3.8099,                 1.5805,             2.6751e-05,             2.6751e-05,             2.6751e-05
