                  epoch,         train/box_loss,         train/cls_loss,         train/dfl_loss,   metrics/precision(B),      metrics/recall(B),       metrics/mAP50(B),    metrics/mAP50-95(B),           val/box_loss,           val/cls_loss,           val/dfl_loss,                 lr/pg0,                 lr/pg1,                 lr/pg2
                      1,                 2.2173,                  4.951,                 1.8934,                0.00194,                0.94286,                0.13735,                0.07374,                 2.2404,                 4.5337,                 2.0883,             0.00015003,             0.00015003,             0.00015003
                      2,                 1.8675,                 4.1459,                 1.5944,                  0.002,                0.91429,                0.04191,                0.01074,                 2.1634,                 4.8663,                 1.9489,             0.00025402,             0.00025402,             0.00025402
                      3,                 1.5862,                 3.5389,                 1.3557,                0.00192,                0.86154,                0.04949,                0.02406,                   1.83,                 4.4295,                 1.7392,             0.00029199,             0.00029199,             0.00029199
                      4,                 1.6637,                 3.4316,                 1.4627,                 0.0022,                0.95714,                0.07455,                0.02726,                 1.7878,                 4.3883,                  1.725,             0.00026395,             0.00026395,             0.00026395
                      5,                 1.5278,                 3.2634,                 1.3641,                0.00187,                0.83297,                0.02457,                 0.0103,                 1.8492,                 4.4623,                 1.8868,              0.0001699,              0.0001699,              0.0001699
