                  epoch,         train/box_loss,         train/cls_loss,         train/dfl_loss,   metrics/precision(B),      metrics/recall(B),       metrics/mAP50(B),    metrics/mAP50-95(B),           val/box_loss,           val/cls_loss,           val/dfl_loss,                 lr/pg0,                 lr/pg1,                 lr/pg2
                      1,                 2.2917,                 5.5767,                  2.364,                0.00085,                0.79167,                0.01525,                  0.004,                 2.3347,                 8.5163,                 2.5449,             0.00030006,             0.00030006,             0.00030006
                      2,                  2.222,                 5.0513,                 2.2499,                0.00084,                0.72049,                0.02462,                0.00516,                 2.5808,                 9.0281,                 3.4916,             0.00055573,             0.00055573,             0.00055573
