                  epoch,         train/box_loss,         train/cls_loss,         train/dfl_loss,   metrics/precision(B),      metrics/recall(B),       metrics/mAP50(B),    metrics/mAP50-95(B),           val/box_loss,           val/cls_loss,           val/dfl_loss,                 lr/pg0,                 lr/pg1,                 lr/pg2
                      1,                 2.1204,                 4.1867,                 2.1034,                0.00091,                0.83507,                0.02598,                0.00588,                 2.2745,                 7.9931,                 2.4071,             0.00030006,             0.00030006,             0.00030006
                      2,                 2.0386,                 3.7466,                 1.9263,                0.00733,                0.43056,                 0.0109,                0.00329,                 2.3924,                 8.7292,                 2.6715,             0.00049467,             0.00049467,             0.00049467
                      3,                 1.9834,                 3.5954,                 1.9447,                0.03211,                0.31424,                0.04234,                0.01457,                 2.1496,                 7.5923,                 2.3844,             0.00056385,             0.00056385,             0.00056385
                      4,                 1.9548,                 3.3361,                 1.9206,                0.10694,                  0.125,                0.09223,                0.03308,                 2.3018,                 7.0513,                 2.2289,              0.0005076,              0.0005076,              0.0005076
                      5,                  1.916,                 3.2039,                 1.8552,                0.11615,                0.09375,                0.08758,                0.02766,                 2.0557,                 5.9848,                 2.0075,             0.00032593,             0.00032593,             0.00032593
