                  epoch,         train/box_loss,         train/cls_loss,         train/dfl_loss,   metrics/precision(B),      metrics/recall(B),       metrics/mAP50(B),    metrics/mAP50-95(B),           val/box_loss,           val/cls_loss,           val/dfl_loss,                 lr/pg0,                 lr/pg1,                 lr/pg2
                      1,                 2.2173,                  4.951,                 1.8934,                0.00194,                0.94286,                0.13735,                0.07374,                 2.2404,                 4.5337,                 2.0883,             0.00015003,             0.00015003,             0.00015003
                      2,                 1.8643,                 4.1865,                 1.6054,                0.00208,                0.91868,                0.04501,                0.01334,                 2.2415,                 4.7814,                 1.9587,             0.00015995,             0.00015995,             0.00015995
